rgb_img_name,ir_img_name,x,y,z,q_x,q_y,q_z,q_w,yaw(rad)
rgb_img_21.png,ir_img_21.png,1.507775,0.046634,-11.018463,-0.001775,0.013508,-0.367157,0.930059,-0.752132
rgb_img_22.png,ir_img_22.png,1.110335,0.236284,-17.036327,-0.035931,0.077382,-0.731566,0.676411,-1.653357
rgb_img_36.png,ir_img_36.png,5.583928,-5.339528,-17.473179,-0.019909,0.03163,-0.892675,-0.449148,2.210505
rgb_img_37.png,ir_img_37.png,2.558607,-1.279672,-17.431921,0.032931,0.011586,-0.855509,-0.51661,2.053885
rgb_img_38.png,ir_img_38.png,2.296594,-0.785987,-12.586578,-0.005329,0.001008,0.007064,-0.99996,-0.014138
