rgb_img_name,ir_img_name,x,y,z,q_x,q_y,q_z,q_w,yaw(rad)
rgb_img_37.png,ir_img_37.png,2.558607,-1.279672,-17.431921,0.032931,0.011586,-0.855509,-0.51661,2.053885
rgb_img_38.png,ir_img_38.png,2.296594,-0.785987,-12.586578,-0.005329,0.001008,0.007064,-0.99996,-0.014138
