rgb_img_name,ir_img_name,x,y,z,q_x,q_y,q_z,q_w,yaw(rad)
rgb_img_12.png,ir_img_12.png,-27.707024,-21.657156,-34.662331,-0.001528,0.021912,-0.936135,0.350954,-2.424496
rgb_img_13.png,ir_img_13.png,-28.976601,-23.714071,-34.665760,-0.002891,0.017606,-0.936294,0.350763,-2.424823
